Col1,Col2,Col3,Col4,Col5,Col6,Col7,Col8,Col9,Col10,Col11,Col12,Col13,Col14,Col15,Col16,Col17,Col18,Col19,Col20,Col21,Col22
FALSE,3.8mi Easy,Running,--,3/19/2015 6:15,0:43:01,3.76,3,11:26,7:26,161,179,536,11.44,"6,925.68",0.0774,125,Nimbus 16,--,--,#VALUE!,#VALUE!
FALSE,3.5mi Easy,Running,--,3/15/2015 8:01,0:39:22,3.46,13,11:22,8:38,164,175,490,11.38,"6,456.13",0.0759,124,Nimbus 16,--,--,#VALUE!,#VALUE!
FALSE,2.8mi easy with office team,Running,--,3/11/2015 17:38,0:32:14,2.79,8,11:33,6:07,161,177,401,11.55,"5,189.57",0.0773,124,Nimbus 16,--,--,#VALUE!,#VALUE!
FALSE,Piscataway Running,Running,--,12/4/2014 17:48,0:28:08,2.23,10,12:36,9:12,147,166,310,12.62,"4,135.60",0.075,110,Nimbus 16,--,--,#VALUE!,#VALUE!
FALSE,Piscataway Running,Running,--,10/23/2014 17:40,0:39:58,3.34,34,11:58,7:48,144,170,376,11.97,"5,755.20",0.0653,94,Nimbus 16,--,--,#VALUE!,#VALUE!
FALSE,Untitled,Running,--,10/10/2014 6:16,0:39:47,4.02,23,9:54,4:32,--,--,610,9.9,#VALUE!,#VALUE!,153,Nimbus 16,--,--,#VALUE!,#VALUE!
FALSE,Untitled,Running,--,10/7/2014 6:17,0:41:29,4.13,20,10:03,6:07,--,--,628,10.04,#VALUE!,#VALUE!,151,Nimbus 16,--,--,#VALUE!,#VALUE!
FALSE,3.4mi Easy,Running,--,10/5/2014 7:30,0:33:07,3.44,13,9:37,4:20,--,--,524,9.63,#VALUE!,#VALUE!,158,Nimbus 16,--,--,#VALUE!,#VALUE!
FALSE,3.3mi Easy w/ Office Team,Running,--,10/1/2014 17:35,0:37:50,3.34,26,11:19,6:29,143,175,394,11.33,"5,410.17",0.0728,104,Nimbus 16,--,--,#VALUE!,#VALUE!
FALSE,3.1mi Easy,Street Running,--,9/30/2014 6:16,0:31:21,3.14,16,9:58,7:46,155,177,376,9.98,"4,859.25",0.0774,120,Nimbus 16,--,--,#VALUE!,#VALUE!
FALSE,3.3mi Easy w/ Office Team,Street Running,Piscataway Green Acres Path,9/25/2014 17:55,0:36:56,3.34,23,11:04,6:22,146,181,304,11.06,"5,392.27",0.0564,82,Nimbus 16,--,--,#VALUE!,#VALUE!
FALSE,3.2mi Easy,Street Running,--,9/24/2014 6:13,0:32:08,3.16,33,10:10,6:16,155,173,374,10.17,"4,980.67",0.0751,116,Nimbus 16,--,--,#VALUE!,#VALUE!
FALSE,4mi Easy,Street Running,"5k Sherman, Foster, McDonnough, Grant",9/22/2014 6:16,0:41:34,4.13,20,10:03,7:25,158,193,457,10.06,"6,567.53",0.0696,110,Nimbus 16,--,--,#VALUE!,#VALUE!
FALSE,3.5mi Easy,Street Running,5k Loop Sherman/8th/Plainfield/Tompkins,9/19/2014 6:14,0:35:04,3.46,13,10:07,6:35,159,204,337,10.13,"5,575.60",0.0604,96,Dyad 7,--,--,#VALUE!,#VALUE!
FALSE,3.4mi Easy w/ Office Team,Street Running,Piscataway Green Acres Path,9/17/2014 17:44,0:37:28,3.37,23,11:08,6:22,148,185,389,11.12,"5,545.07",0.0702,104,Dyad 7,--,--,#VALUE!,#VALUE!
FALSE,3.4mi Easy,Street Running,--,9/5/2014 6:28,0:36:44,3.39,13,10:50,7:23,148,177,392,10.84,"5,436.53",0.0721,107,Dyad 7,--,--,#VALUE!,#VALUE!
FALSE,3.3mi Easy w/ Office Team,Street Running,Piscataway Green Acres Path,9/3/2014 17:39,0:37:30,3.33,26,11:16,7:07,145,175,364,11.26,"5,437.50",0.0669,97,Dyad 7,--,--,#VALUE!,#VALUE!
FALSE,3.5mi v. Easy,Street Running,3.34m Sherman/Tompkins/Plainfield/Sampton/Clinton,8/27/2014 6:16,0:36:51,3.49,13,10:34,7:27,141,161,383,10.56,"5,195.85",0.0737,104,Dyad 7,--,--,#VALUE!,#VALUE!
FALSE,4.1mi v. Easy,Street Running,--,8/21/2014 6:09,0:43:42,4.13,21,10:35,8:01,142,160,403,10.58,"6,205.40",0.0649,92,Dyad 7,--,--,#VALUE!,#VALUE!
FALSE,6.2mi Easy,Street Running,--,8/17/2014 7:23,1:01:09,6.2,49,9:52,6:21,157,183,700,9.86,"9,600.55",0.0729,114,Dyad 7,--,--,#VALUE!,#VALUE!
FALSE,3.5mi Easy,Street Running,3.34m Sherman/Tompkins/Plainfield/Sampton/Clinton,8/15/2014 6:16,0:34:56,3.48,13,10:02,6:04,152,182,341,10.04,"5,309.87",0.0642,98,Dyad 7,--,--,#VALUE!,#VALUE!
FALSE,"3,4mi Jog w/ Office Team",Running,--,8/13/2014 17:48,0:41:06,3.4,30,12:06,4:18,135,168,384,12.09,"5,548.50",0.0692,93,Dyad 7,--,--,#VALUE!,#VALUE!
FALSE,3.5mi Recovery,Street Running,--,8/12/2014 6:13,0:37:23,3.49,13,10:42,6:15,148,185,445,10.71,"5,532.73",0.0804,119,Dyad 7,--,--,#VALUE!,#VALUE!
FALSE,13.5mi Biking with Kevin,Track Cycling,--,8/10/2014 7:07,1:33:42,13.57,38,8.7,41.1,117,136,724,6.9,"10,962.90",0.066,77,Dyad 7,--,--,#VALUE!,#VALUE!
FALSE,14mi Long,Street Running,15.2mi Scotch Plainst and back,8/9/2014 6:16,2:29:32,14,298,10:41,7:13,156,174,"1,678",10.68,"23,327.20",0.0719,112,Dyad 7,--,--,#VALUE!,#VALUE!
FALSE,10mi Easy Biking,Track Cycling,--,8/8/2014 12:27,1:01:02,7.57,6,7.4,14.3,--,--,115,8.06,#VALUE!,#VALUE!,19,Dyad 7,--,--,#VALUE!,#VALUE!
FALSE,3.4mi Easy w/ Office Team,Running,Piscataway Green Acres Path,8/6/2014 17:45,0:34:00,3.4,--,10:00,--,--,--,--,10,#VALUE!,#VALUE!,#VALUE!,Dyad 7,--,--,#VALUE!,#VALUE!
FALSE,3mi Easy,Street Running,--,8/5/2014 6:14,0:34:37,3.17,13,10:40,8:35,144,162,349,10.92,"4,984.80",0.07,101,Dyad 7,--,--,#VALUE!,#VALUE!
FALSE,6.1mi Long(er),Street Running,6.1m 8th/Kenyon/SpringLake/Clinton,8/3/2014 9:07,1:00:25,6.16,434,9:48,6:52,164,185,741,9.81,"9,908.33",0.0748,123,Dyad 7,--,--,#VALUE!,#VALUE!
FALSE,3.3mi Easy,Street Running,3.34m Sherman/Tompkins/Plainfield/Sampton/Clinton,8/1/2014 6:16,0:36:02,3.5,13,10:18,6:50,152,190,--,10.3,"5,477.07",#VALUE!,#VALUE!,Dyad 7,--,--,#VALUE!,#VALUE!
FALSE,3.3mi w/ Office Team,Running,Piscataway Green Acres Path,7/30/2014 17:42,0:35:55,3.32,23,10:50,7:23,150,175,416,10.82,"5,387.50",0.0772,116,Dyad 7,--,--,#VALUE!,#VALUE!
FALSE,4mi Easy,Street Running,"5k Sherman, Foster, McDonnough, Grant",7/30/2014 7:50,0:40:00,4,--,10:00,--,--,--,--,10,#VALUE!,#VALUE!,#VALUE!,Dyad 7,--,--,#VALUE!,#VALUE!
FALSE,3.3mi Recovery,Street Running,3.34m Sherman/Tompkins/Plainfield/Sampton/Clinton,7/28/2014 6:27,0:34:43,3.32,10,10:27,7:23,161,196,306,10.46,"5,589.38",0.0547,88,Dyad 7,--,--,#VALUE!,#VALUE!
FALSE,10mi Long,Street Running,13mi Sleepy Hollow and back,7/26/2014 6:51,1:48:47,10.22,204,10:39,6:52,158,179,"1,232",10.64,"17,187.77",0.0717,113,Dyad 7,--,--,#VALUE!,#VALUE!
FALSE,"5k Race Westfield, NJ",Running,--,7/23/2014 19:03,0:31:28,3.17,70,9:57,6:06,174,191,350,9.93,"5,475.20",0.0639,111,Dyad 7,--,--,#VALUE!,#VALUE!
FALSE,4.2mi Easy,Street Running,"5k Sherman, Foster, McDonnough, Grant",7/21/2014 6:27,0:42:37,4.22,30,10:06,6:37,160,191,503,10.1,"6,818.67",0.0738,118,Dyad 7,--,--,#VALUE!,#VALUE!
FALSE,3.4mi Easy,Street Running,5k Loop Sherman/8th/Plainfield/Tompkins,7/19/2014 6:22,0:37:00,3.41,13,10:50,7:00,149,169,399,10.85,"5,513.00",0.0724,108,Dyad 7,--,--,#VALUE!,#VALUE!
FALSE,3mi Easy w/ Office Team,Running,Piscataway Green Acres Path,7/16/2014 17:47,0:38:13,3.38,25,11:18,7:22,145,171,414,11.31,"5,541.42",0.0747,108,Dyad 7,--,--,#VALUE!,#VALUE!
FALSE,Untitled,Running,--,7/16/2014 6:55,0:04:21,0.46,--,9:33,8:03,167,177,52,9.46,726.45,0.0716,120,Dyad 7,--,--,#VALUE!,#VALUE!
FALSE,3mi Easy,Running,--,7/16/2014 6:28,0:30:16,3.04,30,10:00,6:00,158,185,294,9.96,"4,782.13",0.0615,97,Dyad 7,--,--,#VALUE!,#VALUE!
FALSE,3.3mi Easy,Running,"5k Sherman, Foster, McDonnough, Grant",7/14/2014 6:35,0:34:35,3.32,3,10:25,7:12,157,174,422,10.42,"5,429.58",0.0777,122,Dyad 7,--,--,#VALUE!,#VALUE!
FALSE,3.5mi Easy,Street Running,3.34m Sherman/Tompkins/Plainfield/Sampton/Clinton,7/12/2014 6:37,0:36:57,3.51,13,10:31,5:06,153,171,434,10.53,"5,653.35",0.0768,117,Dyad 7,--,--,#VALUE!,#VALUE!
FALSE,3mi Easy w/ Office Team,Running,Piscataway Green Acres Path,6/18/2014 17:43,0:37:23,3.32,30,11:16,6:18,159,187,378,11.26,"5,943.95",0.0636,101,Dyad 7,--,--,#VALUE!,#VALUE!
FALSE,4.2mi Easy & Slow,Running,--,6/17/2014 6:26,0:43:31,4.18,20,10:25,7:17,153,175,463,10.41,"6,658.05",0.0695,106,Dyad 7,--,--,#VALUE!,#VALUE!
FALSE,6.2mi Easy,Street Running,6.1m 8th/Kenyon/SpringLake/Clinton,6/15/2014 7:39,1:01:25,6.2,53,9:55,7:16,158,183,731,9.91,"9,703.83",0.0753,119,Dyad 7,--,--,#VALUE!,#VALUE!
FALSE,3mi Easy w/ Office Team,Running,Piscataway Green Acres Path,6/12/2014 17:46,0:37:35,3.33,26,11:18,7:26,146,173,416,11.29,"5,487.17",0.0758,111,Dyad 7,--,--,#VALUE!,#VALUE!
FALSE,3mi Easy,Street Running,5k Loop Sherman/8th/Plainfield/Tompkins,6/11/2014 6:06,0:36:16,3.49,13,10:24,6:18,154,199,390,10.39,"5,585.07",0.0698,108,Dyad 7,--,--,#VALUE!,#VALUE!
FALSE,5k Race GW Bridge,Running,--,6/8/2014 8:26,0:27:36,2.66,328,10:23,5:11,173,183,378,10.38,"4,774.80",0.0792,137,Dyad 7,--,--,#VALUE!,#VALUE!
FALSE,3mi Easy w/ Office Team,Running,Piscataway Green Acres Path,5/29/2014 17:47,0:38:04,3.31,24,11:29,8:00,141,165,367,11.5,"5,367.40",0.0684,96,Dyad 7,--,--,#VALUE!,#VALUE!
FALSE,5k Test run,Street Running,--,5/28/2014 8:08,0:28:28,3.08,14,9:15,6:17,164,179,360,9.24,"4,668.53",0.0771,126,Dyad 7,--,--,#VALUE!,#VALUE!
FALSE,1mi Warmup for 5k,Street Running,--,5/28/2014 7:54,0:10:32,1,--,10:35,8:51,142,153,116,10.53,"1,495.73",0.0776,110,Dyad 7,--,--,#VALUE!,#VALUE!
FALSE,3.2mi Very Easy,Street Running,3.34m Sherman/Tompkins/Plainfield/Sampton/Clinton,5/26/2014 7:39,0:35:12,3.26,10,10:47,6:23,144,166,352,10.8,"5,068.80",0.0694,100,Dyad 7,--,--,#VALUE!,#VALUE!
FALSE,6.3mi Intervals,Street Running,"5k Sherman, Foster, McDonnough, Grant",5/24/2014 7:23,1:04:59,6.31,30,10:18,6:02,151,170,718,10.3,"9,812.48",0.0732,110,Dyad 7,--,--,#VALUE!,#VALUE!
FALSE,3.4mi Easy w/ Office Team,Running,Piscataway Green Acres Path,5/22/2014 17:51,0:39:28,3.37,20,11:44,4:12,139,181,381,11.71,"5,485.87",0.0695,97,Dyad 7,--,--,#VALUE!,#VALUE!
FALSE,3.5mi Easy,Street Running,3.34m Sherman/Tompkins/Plainfield/Sampton/Clinton,5/20/2014 6:22,9:17:00,3.49,14,9:32,6:28,155,171,386,159.6,"86,335.00",0.0045,2,Dyad 7,--,--,#VALUE!,#VALUE!
FALSE,6.2mi Easy - PR,Street Running,6.1m 8th/Kenyon/SpringLake/Clinton,5/18/2014 6:47,0:59:10,6.21,27,9:31,6:37,162,184,740,9.53,"9,585.00",0.0772,125,Dyad 7,--,--,#VALUE!,#VALUE!
FALSE,3.3mi Easy w/ Office Team,Running,--,5/15/2014 17:41,0:36:59,3.26,21,11:21,5:54,143,168,360,11.34,"5,288.62",0.0681,97,Dyad 7,--,--,#VALUE!,#VALUE!
FALSE,4.2 mi Intervals,Street Running,"5k Sherman, Foster, McDonnough, Grant",5/15/2014 6:16,0:43:59,4.19,23,10:30,6:10,151,175,497,10.5,"6,641.48",0.0748,113,Dyad 7,--,--,#VALUE!,#VALUE!
FALSE,3mi Easy,Running,--,5/13/2014 6:20,0:30:14,3.05,7,9:55,7:59,--,--,476,9.91,#VALUE!,#VALUE!,157,Dyad 7,--,--,#VALUE!,#VALUE!
FALSE,Muddarella! w/ Office Team,Other,--,5/10/2014 13:02,5:00:00,5,--,--,--,--,--,--,60,#VALUE!,#VALUE!,#VALUE!,New Balance,--,--,#VALUE!,#VALUE!
FALSE,3mi Easy,Street Running,5k Loop Sherman/8th/Plainfield/Tompkins,5/9/2014 6:14,0:32:29,3.32,10,9:48,7:03,159,175,402,9.78,"5,164.85",0.0778,124,Dyad 7,--,--,#VALUE!,#VALUE!
FALSE,3mi Easy Jog w/ Office Team,Street Running,Piscataway Green Acres Path,5/7/2014 17:38,0:39:27,3.32,30,11:52,5:32,137,180,381,11.88,"5,404.65",0.0705,97,Dyad 7,--,--,#VALUE!,#VALUE!
FALSE,5mi Easy,Street Running,18m - Sherman - Watchung Loop,5/5/2014 6:13,0:47:42,4.95,25,9:38,6:23,154,169,573,9.64,"7,345.80",0.078,120,Dyad 7,--,--,#VALUE!,#VALUE!
FALSE,3.4mi Easy,Street Running,5k Loop Sherman/8th/Plainfield/Tompkins,5/3/2014 6:23,0:30:26,3.2,14,9:31,5:47,155,177,369,9.51,"4,717.17",0.0782,121,Dyad 7,--,--,#VALUE!,#VALUE!
FALSE,Untitled,Running,--,5/3/2014 6:19,0:02,0.24,--,11:04,9:19,140,150,30,8.33,280,0.1071,150,Dyad 7,--,--,#VALUE!,#VALUE!
FALSE,3.3mi Easy Jog w/ office team,Running,--,5/1/2014 17:49,0:41:39,3.34,32,12:28,5:07,140,180,407,12.47,"5,831.00",0.0698,98,Dyad 7,--,--,#VALUE!,#VALUE!
TRUE,13.1mi Race Jersey Shore (half) - PR,Running,--,4/27/2014 6:51,2:12:20,13.19,70,10:02,4:47,168,183,"1,723",10.03,"22,232.00",0.0775,130,Dyad 7,--,--,#VALUE!,#VALUE!
FALSE,3.7mi Very Easy w/ office team,Street Running,Piscataway Green Acres Path,4/23/2014 17:45,0:46:32,3.7,23,12:34,5:10,--,--,546,12.58,#VALUE!,#VALUE!,117,Dyad 7,--,--,#VALUE!,#VALUE!
FALSE,3.5mi Very Easy,Street Running,5k Loop Sherman/8th/Plainfield/Tompkins,4/20/2014 7:21,0:36:44,3.49,145,10:32,7:52,145,157,405,10.53,"5,326.33",0.076,110,Dyad 7,--,--,#VALUE!,#VALUE!
FALSE,15.25mi Long,Street Running,15.2mi Scotch Plainst and back,4/15/2014 8:50,2:24:18,13.41,300,10:46,5:25,157,169,"1,600",10.76,"22,655.10",0.0706,111,Dyad 7,--,--,#VALUE!,#VALUE!
FALSE,6mi Easy,Street Running,"5k Sherman, Foster, McDonnough, Grant",4/10/2014 5:56,1:01:28,6.25,28,9:50,7:44,157,172,476,9.83,"9,650.27",0.0493,77,Dyad 7,--,--,#VALUE!,#VALUE!
FALSE,3.5mi Easy,Street Running,3.34m Sherman/Tompkins/Plainfield/Sampton/Clinton,4/9/2014 6:14,0:33:50,3.47,18,9:45,6:45,153,173,279,9.75,"5,176.50",0.0539,82,Dyad 7,--,--,#VALUE!,#VALUE!
FALSE,Long 13.5mi,Street Running,13mi Sleepy Hollow and back,4/6/2014 7:37,2:21:47,13.57,733,10:27,7:21,162,183,"1,218",10.45,"22,968.90",0.053,86,Dyad 7,--,--,#VALUE!,#VALUE!
FALSE,3.5mi Easy,Street Running,5k Loop Sherman/8th/Plainfield/Tompkins,4/3/2014 6:15,0:34:49,3.5,15,9:58,7:36,151,173,281,9.95,"5,257.32",0.0534,81,Dyad 7,--,--,#VALUE!,#VALUE!
FALSE,5mi Easy,Street Running,Between New Brunswick and Clinton,4/1/2014 6:15,0:48:27,4.95,20,9:48,7:09,156,173,403,9.79,"7,558.20",0.0533,83,Dyad 7,--,--,#VALUE!,#VALUE!
FALSE,6mi Easy,Street Running,6.1m 8th/Kenyon/SpringLake/Clinton,3/29/2014 9:58,1:00:20,6.16,235,9:48,7:13,162,181,533,9.79,"9,774.00",0.0545,88,Dyad 7,--,--,#VALUE!,#VALUE!
FALSE,3mi Easy,Street Running,3.34m Sherman/Tompkins/Plainfield/Sampton/Clinton,3/24/2014 6:18,0:31:24,3.17,13,9:55,4:23,152,173,253,9.91,"4,772.80",0.053,81,Dyad 7,--,--,#VALUE!,#VALUE!
FALSE,3.5mi Easy,Street Running,3.34m Sherman/Tompkins/Plainfield/Sampton/Clinton,3/22/2014 7:41,0:33:27,3.48,15,9:37,5:38,158,178,284,9.61,"5,285.10",0.0537,85,Dyad 7,--,--,#VALUE!,#VALUE!
FALSE,3.3mi Easy,Street Running,3.34m Sherman/Tompkins/Plainfield/Sampton/Clinton,3/19/2014 6:15,0:34:08,3.31,16,10:19,6:46,152,170,270,10.31,"5,188.27",0.052,79,Dyad 7,--,--,#VALUE!,#VALUE!
FALSE,11mi Long,Street Running,10mi Tompkins/SpringLake/Woodland/SleepyHollow/Randolph,3/16/2014 6:24,1:56:30,10.9,201,10:41,5:14,158,199,941,10.69,"18,407.00",0.0511,81,Dyad 7,--,--,#VALUE!,#VALUE!
FALSE,3mi Easy,Street Running,5k Loop Sherman/8th/Plainfield/Tompkins,3/14/2014 6:16,0:33:10,3.26,14,10:11,7:36,156,171,279,10.17,"5,174.00",0.0539,84,Dyad 7,--,--,#VALUE!,#VALUE!
FALSE,3mi Easy,Street Running,5k Loop Sherman/8th/Plainfield/Tompkins,3/12/2014 5:58,0:33:26,3.29,14,10:09,7:36,157,189,273,10.16,"5,249.03",0.052,82,Dyad 7,--,--,#VALUE!,#VALUE!
FALSE,6mi Long(er),Street Running,6.1m 8th/Kenyon/SpringLake/Clinton,3/9/2014 8:39,1:01:41,6.16,240,10:01,6:52,161,174,540,10.01,"9,931.02",0.0544,88,Dyad 7,--,--,#VALUE!,#VALUE!
FALSE,4mi Easy,Treadmill Running,--,3/7/2014 6:11,0:41:02,3.91,--,10:30,7:28,156,175,345,10.49,"6,401.20",0.0539,84,Dyad 7,--,--,#VALUE!,#VALUE!
FALSE,4mi Easy,Treadmill Running,--,3/5/2014 6:12,0:42:00,3.89,--,10:48,4:41,157,183,347,10.8,"6,594.00",0.0526,83,Dyad 7,--,--,#VALUE!,#VALUE!
FALSE,3mi Easy,Treadmill Running,--,3/3/2014 11:02,0:32:48,3.15,--,10:24,5:41,164,185,288,10.41,"5,379.20",0.0535,88,Dyad 7,--,--,#VALUE!,#VALUE!
FALSE,3mi Easy,Treadmill Running,--,3/1/2014 9:17,0:33:01,3.11,--,10:37,6:02,161,179,286,10.62,"5,315.68",0.0538,87,Dyad 7,--,--,#VALUE!,#VALUE!
FALSE,10mi Long,Treadmill Running,--,2/9/2014 9:14,1:51:19,10.29,--,10:49,5:08,158,181,902,10.82,"17,588.03",0.0513,81,Dyad 7,--,--,#VALUE!,#VALUE!
FALSE,3.1mi Easy,Treadmill Running,--,2/6/2014 6:11,0:31:31,3.13,--,10:05,5:08,152,171,245,10.07,"4,790.53",0.0511,78,Dyad 7,--,--,#VALUE!,#VALUE!
FALSE,4.2mi Easy,Treadmill Running,--,2/4/2014 6:22,0:43:34,4.29,--,10:09,6:11,146,173,330,10.16,"6,360.73",0.0519,76,Dyad 7,--,--,#VALUE!,#VALUE!
FALSE,3mi Easy - back on the streets!,Street Running,5k Loop Sherman/8th/Plainfield/Tompkins,2/2/2014 7:11,0:29:37,3.1,9,9:32,1:05,155,172,247,9.55,"4,590.58",0.0538,83,Dyad 7,--,--,#VALUE!,#VALUE!
FALSE,4mi Easy,Treadmill Running,--,1/31/2014 6:11,0:43:46,4.31,--,10:09,5:46,151,180,335,10.15,"6,608.77",0.0507,77,Dyad 7,--,--,#VALUE!,#VALUE!
FALSE,4mi Easy,Treadmill Running,--,1/29/2014 6:15,0:44:33,4.02,--,11:06,7:52,149,172,341,11.08,"6,637.95",0.0514,77,Dyad 7,--,--,#VALUE!,#VALUE!
FALSE,6.2mi Easy,Treadmill Running,--,1/26/2014 11:30,1:11:23,6.45,--,11:04,4:16,153,179,555,11.07,"10,921.65",0.0508,78,Dyad 7,--,--,#VALUE!,#VALUE!
FALSE,3.2 mi Easy @ Dreadmill,Treadmill Running,--,1/23/2014 6:16,0:34:38,3.49,--,9:55,3:00,150,177,274,9.92,"5,195.00",0.0527,79,Dyad 7,--,--,#VALUE!,#VALUE!
FALSE,2.6 mi Easy,Treadmill Running,--,1/20/2014 8:13,0:35:00,2.6,--,13:20,--,--,--,--,13.46,#VALUE!,#VALUE!,#VALUE!,Dyad 7,--,--,#VALUE!,#VALUE!
FALSE,3.1mi Easy,Street Running,5k Loop Sherman/8th/Plainfield/Tompkins,1/9/2014 6:26,0:29:47,3.08,15,9:40,6:23,155,175,246,9.67,"4,616.42",0.0533,83,Dyad 7,--,--,#VALUE!,#VALUE!
FALSE,6mil Easy @ Dreadmill,Running,--,1/6/2014 19:18,1:10:13,6,0,11:46,1:42,133,161,495,11.7,"9,338.82",0.053,70,Dyad 7,--,--,#VALUE!,#VALUE!
FALSE,3.1mi Easy,Street Running,5k Loop Sherman/8th/Plainfield/Tompkins,1/2/2014 6:33,0:31:14,3.09,15,10:06,5:51,148,161,247,10.11,"4,622.53",0.0534,79,Dyad 7,--,--,#VALUE!,#VALUE!
FALSE,3.1mi Easy Recovery,Street Running,5k Loop Sherman/8th/Plainfield/Tompkins,12/31/2013 7:27,0:29:52,3.08,13,9:42,6:58,153,172,244,9.7,"4,569.60",0.0534,82,Dyad 7,--,--,#VALUE!,#VALUE!
FALSE,17.5mi Long - Skytop Dr.,Street Running,17mi Spring Lake / Sky Top Dr. and back,12/29/2013 7:01,3:07:31,17.45,398,10:45,7:16,153,164,"1,417",10.75,"28,690.05",0.0494,76,Dyad 7,--,--,#VALUE!,#VALUE!
FALSE,3mi Easy,Street Running,--,12/26/2013 8:31,0:30:35,3.15,5,9:43,5:50,152,169,357,9.71,"4,648.67",0.0768,117,Dyad 7,--,--,#VALUE!,#VALUE!
FALSE,10k Easy,Street Running,6.1m 8th/Kenyon/SpringLake/Clinton,12/24/2013 7:28,0:59:07,6.17,37,9:35,7:03,155,175,712,9.58,"9,163.08",0.0777,120,Dyad 7,--,--,#VALUE!,#VALUE!
FALSE,4.5mi Esasy,Street Running,4.5mi Sherman / Pemberton / Kenyon / Spring Lake / Palmer,12/22/2013 7:14,0:44:31,4.45,25,10:00,6:58,156,175,539,10,"6,944.60",0.0776,121,Dyad 7,--,--,#VALUE!,#VALUE!
FALSE,3mi Easy Recovery,Street Running,5k Loop Sherman/8th/Plainfield/Tompkins,12/19/2013 6:12,0:34:54,3.09,15,11:17,1:09,145,160,389,11.29,"5,060.50",0.0769,111,Dyad 7,--,--,#VALUE!,#VALUE!
FALSE,15mi Long @ Dreadmill,Treadmill Running,--,12/15/2013 10:35,2:42:18,15,--,10:55,3:54,155,172,"1,822",10.82,"25,156.50",0.0724,112,Dyad 7,--,--,#VALUE!,#VALUE!
FALSE,5k Easy,Street Running,5k Loop Sherman/8th/Plainfield/Tompkins,12/12/2013 6:01,0:31:52,3.1,16,10:16,4:39,152,171,375,10.28,"4,843.73",0.0774,118,Dyad 7,--,--,#VALUE!,#VALUE!
FALSE,6.1 mi Easy,Street Running,6.1m 8th/Kenyon/SpringLake/Clinton,12/10/2013 6:00,1:01:51,6.08,28,10:11,7:20,149,162,695,10.17,"9,215.65",0.0754,112,Dyad 7,--,--,#VALUE!,#VALUE!
FALSE,Magic Mile,Street Running,3mi Magic Mile,12/8/2013 7:11,0:42:56,4.3,16,9:59,4:28,151,173,491,9.98,"6,482.93",0.0757,114,Dyad 7,--,--,#VALUE!,#VALUE!
FALSE,5.8 mi Endurance/Speed,Street Running,6.1m 8th/Kenyon/SpringLake/Clinton,12/6/2013 6:05,0:59:35,5.82,41,10:14,6:17,154,177,683,10.24,"9,175.83",0.0744,115,Dyad 7,--,--,#VALUE!,#VALUE!
FALSE,3mi Easy Jog with the office team,Running,Piscataway Green Acres Path,12/4/2013 17:42,41:43:00,3.83,11,10:54,2:20,134,156,394,277.55,"142,442.00",0.0028,2,Dyad 7,--,--,#VALUE!,#VALUE!
FALSE,3.1mi Easy - Recovery,Street Running,5k Loop Sherman/8th/Plainfield/Tompkins,12/3/2013 6:44,0:30:24,3.1,15,9:49,7:03,155,174,365,9.81,"4,712.00",0.0775,120,Dyad 7,--,--,#VALUE!,#VALUE!
FALSE,13.2mi Long,Street Running,13.1mi WashingtonRock/WatchungLake,12/1/2013 7:04,2:24:39,13.17,710,10:59,6:31,149,163,"1,545",10.98,"21,552.85",0.0717,107,Dyad 7,--,--,#VALUE!,#VALUE!
FALSE,5k Easy,Street Running,5k Loop Sherman/8th/Plainfield/Tompkins,11/28/2013 7:20,0:30:02,3.11,13,9:40,6:48,153,173,354,9.66,"4,595.10",0.077,118,Dyad 7,--,--,#VALUE!,#VALUE!
FALSE,4.5mi Speed-Endurance,Street Running,4.5mi Sherman / Pemberton / Kenyon / Spring Lake / Palmer,11/26/2013 6:08,0:46:28,4.48,25,10:22,6:37,152,174,540,10.37,"7,062.93",0.0765,116,Dyad 7,--,--,#VALUE!,#VALUE!
FALSE,5k Easy (was supposed to be Magic Mile),Street Running,3mi Magic Mile,11/24/2013 6:47,0:35:00,3,8,11:46,8:18,146,160,360,11.67,"5,110.00",0.0705,103,Dyad 7,--,--,#VALUE!,#VALUE!
FALSE,5k Easy,Street Running,5k Loop Sherman/8th/Plainfield/Tompkins,11/22/2013 6:05,0:30:03,3.1,11,9:43,6:24,155,177,362,9.69,"4,657.75",0.0777,120,Dyad 7,--,--,#VALUE!,#VALUE!
FALSE,3mi Easy Jog with the office team (timer not stopped),Running,Piscataway Green Acres Path,11/20/2013 17:51,0:40:00,3.5,39,11:32,3:06,135,149,402,11.43,"5,400.00",0.0744,101,Dyad 7,--,--,#VALUE!,#VALUE!
FALSE,12 mi Long,Street Running,12mi Sleepy Hollow and back,11/17/2013 6:34,2:06:48,12.15,206,10:26,7:06,152,162,"1,437",10.44,"19,273.60",0.0746,113,Dyad 7,--,--,#VALUE!,#VALUE!
FALSE,5k Easy,Street Running,5k Loop Sherman/8th/Plainfield/Tompkins,11/15/2013 6:15,0:30:01,3.11,15,9:40,6:28,154,174,354,9.65,"4,622.57",0.0766,118,Dyad 7,--,--,#VALUE!,#VALUE!
FALSE,5mi Easy,Street Running,5.67m 8th//Kenyon/Randolph/Plainfileld/Clinton,11/13/2013 6:04,0:50:13,5.18,26,9:41,7:31,155,172,600,9.69,"7,783.58",0.0771,119,Dyad 7,--,--,#VALUE!,#VALUE!
FALSE,5k Easy,Street Running,5k Loop Sherman/8th/Plainfield/Tompkins,11/10/2013 7:01,0:31:56,3.08,16,10:22,6:48,145,164,346,10.37,"4,630.33",0.0747,108,Dyad 7,--,--,#VALUE!,#VALUE!
FALSE,4.2mi Easy,Street Running,"4.27 mi - Tompkins, Rahway, Spring Lake Park, Franklin",11/8/2013 6:07,0:41:59,4.15,19,10:06,6:16,152,171,493,10.12,"6,381.47",0.0773,117,Dyad 7,--,--,#VALUE!,#VALUE!
FALSE,5k Easy Jog with the team,Running,Piscataway Green Acres Path,11/6/2013 17:44,0:42:28,3.42,15,12:25,8:58,136,149,425,12.42,"5,775.47",0.0736,100,Dyad 7,--,--,#VALUE!,#VALUE!
FALSE,10mi Long Run,Street Running,10mi Tompkins/SpringLake/Woodland/SleepyHollow/Randolph,11/5/2013 8:32,1:42:05,10.01,195,10:12,7:09,158,170,"1,236",10.2,"16,129.17",0.0766,121,Dyad 7,--,--,#VALUE!,#VALUE!
FALSE,5k Race Somerset (partially recorded),Street Running,--,11/2/2013 10:02,0:28:23,3.1,38,9:05,7:30,169,174,374,9.16,"4,796.78",0.078,132,Dyad 7,--,--,#VALUE!,#VALUE!
FALSE,4.5mi Cadence Drill,Street Running,4.5mi Sherman / Pemberton / Kenyon / Spring Lake / Palmer,10/29/2013 6:06,0:45:09,4.51,21,10:01,6:38,155,169,545,10.01,"6,998.25",0.0779,121,Dyad 7,--,--,#VALUE!,#VALUE!
FALSE,5k Trial .95/.05,Street Running,4.5mi Sherman / Pemberton / Kenyon / Spring Lake / Palmer,10/27/2013 6:43,0:42:37,4.17,22,10:14,6:47,157,199,490,10.22,"6,690.82",0.0732,115,Dyad 7,--,--,#VALUE!,#VALUE!
FALSE,5k Easy Cadence Drill,Street Running,5k Loop Sherman/8th/Plainfield/Tompkins,10/25/2013 6:07,0:31:35,3.1,11,10:11,7:37,163,192,339,10.19,"5,148.08",0.0658,107,Dyad 7,--,--,#VALUE!,#VALUE!
FALSE,5k Easy Jog with the team,Running,Piscataway Green Acres Path,10/23/2013 17:50,0:42:58,3.39,29,12:41,5:05,139,171,387,12.67,"5,972.37",0.0648,90,Dyad 7,--,--,#VALUE!,#VALUE!
FALSE,5k Recovery/cadence drill,Street Running,5k Loop Sherman/8th/Plainfield/Tompkins,10/22/2013 6:24,0:33:13,3.08,15,10:46,6:22,151,193,227,10.78,"5,015.72",0.0453,68,New Balance,--,--,#VALUE!,#VALUE!
FALSE,Magic Mile,Street Running,--,10/13/2013 6:29,0:47:03,4.46,18,10:33,1:51,148,181,472,10.55,"6,963.40",0.0678,100,New Balance,--,--,#VALUE!,#VALUE!
FALSE,5k Easy,Street Running,5k Loop Sherman/8th/Plainfield/Tompkins,10/11/2013 6:02,0:32:06,3.13,14,10:16,5:05,151,164,379,10.26,"4,847.10",0.0782,118,New Balance,--,--,#VALUE!,#VALUE!
FALSE,5k+ Easy Jog with the team,Trail Running,--,10/9/2013 18:00,0:49:53,3.66,107,13:38,8:05,138,161,426,13.63,"6,883.90",0.0619,85,New Balance,--,--,#VALUE!,#VALUE!
FALSE,10k+ Long(er),Street Running,6.1m 8th/Kenyon/SpringLake/Clinton,10/9/2013 6:09,1:05:09,6.6,27,9:52,7:02,157,165,799,9.87,"10,228.55",0.0781,123,New Balance,--,--,#VALUE!,#VALUE!
FALSE,4.9mi Easy,Street Running,4.5mi Sherman / Pemberton / Kenyon / Spring Lake / Palmer,10/7/2013 6:01,0:50:23,4.91,23,10:16,4:05,155,189,592,10.26,"7,809.42",0.0758,117,New Balance,--,--,#VALUE!,#VALUE!
FALSE,"5k Race - Plainfield, NJ",Street Running,--,10/5/2013 10:25,0:28:31,3.1,29,9:13,5:29,169,194,374,9.2,"4,819.32",0.0776,131,New Balance,--,--,#VALUE!,#VALUE!
FALSE,5k+ Easy Jog with the team,Trail Running,--,10/2/2013 18:01,0:47:55,3.73,77,12:51,7:22,141,171,465,12.85,"6,756.25",0.0688,97,New Balance,--,--,#VALUE!,#VALUE!
FALSE,5k Hill Workout,Street Running,--,10/1/2013 6:07,0:33:37,2.95,12,11:24,5:11,151,194,352,11.4,"5,076.12",0.0693,105,New Balance,--,--,#VALUE!,#VALUE!
FALSE,5k Easy Jog,Street Running,5k Loop Sherman/8th/Plainfield/Tompkins,9/30/2013 6:08,0:33:17,3.05,16,10:54,8:32,148,159,375,10.91,"4,925.93",0.0761,113,New Balance,--,--,#VALUE!,#VALUE!
TRUE,"5k Race - Dunellen, NJ - PR",Street Running,--,9/28/2013 10:06,0:28:13,3.1,0,9:05,4:12,165,178,358,9.1,"4,655.75",0.0769,127,New Balance,--,--,#VALUE!,#VALUE!
FALSE,5k+ Very Easy with the team,Street Running,5k Trial Siemens,9/25/2013 17:45,0:40:00,3.4,--,11:46,--,--,--,--,11.76,#VALUE!,#VALUE!,#VALUE!,New Balance,--,--,#VALUE!,#VALUE!
FALSE,5k Easy,Street Running,5k Loop Sherman/8th/Plainfield/Tompkins,9/25/2013 6:10,0:29:49,3.1,15,9:41,6:00,160,177,352,9.62,"4,770.67",0.0738,118,New Balance,--,--,#VALUE!,#VALUE!
FALSE,5k Easy (watch not stopped),Street Running,5k Loop Sherman/8th/Plainfield/Tompkins,9/23/2013 6:01,0:30:11,3.09,11,9:50,5:12,151,171,366,9.77,"4,557.68",0.0803,121,New Balance,--,--,#VALUE!,#VALUE!
FALSE,5k Easy Maintenance,Street Running,5k Loop Sherman/8th/Plainfield/Tompkins,9/20/2013 7:03,0:31:09,3.09,10,10:04,6:16,153,167,373,10.08,"4,765.95",0.0783,120,New Balance,--,--,#VALUE!,#VALUE!
FALSE,5k Endurance/Speed,Street Running,5k Loop Sherman/8th/Plainfield/Tompkins,9/18/2013 6:00,0:34:15,3.16,15,10:51,6:04,152,174,357,10.84,"5,206.00",0.0686,104,New Balance,--,--,#VALUE!,#VALUE!
FALSE,5k Endurance/Speed,Street Running,5k Loop Sherman/8th/Plainfield/Tompkins,9/17/2013 6:01,0:35:00,3.1,16,11:17,5:37,150,176,384,11.29,"5,250.00",0.0731,110,New Balance,--,--,#VALUE!,#VALUE!
TRUE,8mi Long,Street Running,8mi Tompkins/8th/Kenyon/Cedarbrook/SpringLake/Clinton,9/15/2013 6:04,1:26:57,8.08,55,10:45,8:41,151,164,1007,10.76,"13,129.45",0.0767,116,New Balance,--,--,#VALUE!,#VALUE!
FALSE,5k Easy Maintenance,Street Running,5k Loop Sherman/8th/Plainfield/Tompkins,9/13/2013 5:58,0:35:32,3.1,10,11:29,9:17,146,156,400,11.46,"5,187.87",0.0771,113,New Balance,--,--,#VALUE!,#VALUE!
FALSE,4.5 mi Easy Daily,Street Running,--,9/12/2013 6:31,0:48:04,4.53,13,10:32,8:18,159,175,608,10.61,"7,642.60",0.0796,126,New Balance,--,--,#VALUE!,#VALUE!
FALSE,5k Easy Daily,Street Running,5k Loop Sherman/8th/Plainfield/Tompkins,9/9/2013 6:01,0:30:21,3.07,15,9:50,7:18,157,173,353,9.89,"4,764.95",0.0741,116,New Balance,--,--,#VALUE!,#VALUE!
FALSE,4.3 mi Easy Daily,Street Running,"4.27 mi - Tompkins, Rahway, Spring Lake Park, Franklin",8/21/2013 6:03,0:43:48,4.32,21,10:10,5:06,157,173,546,10.14,"6,876.60",0.0794,125,New Balance,--,--,#VALUE!,#VALUE!
FALSE,4.3 mi Easy Daily,Street Running,"4.27 mi - Tompkins, Rahway, Spring Lake Park, Franklin",8/19/2013 5:59,0:43:44,4.32,312,10:10,7:48,153,172,522,10.12,"6,691.20",0.078,119,New Balance,--,--,#VALUE!,#VALUE!
TRUE,6 mi Long(er) run,Street Running,6.1m 8th/Kenyon/SpringLake/Clinton,8/18/2013 6:44,1:03:48,6.14,438,10:21,4:54,153,167,760,10.39,"9,761.40",0.0779,119,New Balance,--,--,#VALUE!,#VALUE!
FALSE,Evening walk,Casual Walking,--,8/15/2013 19:52,1:16:45,3.7,350,20:44,1:26,--,--,441,20.74,#VALUE!,#VALUE!,57,New Balance,--,--,#VALUE!,#VALUE!
FALSE,4.2 mi Easy Daily,Street Running,"4.27 mi - Tompkins, Rahway, Spring Lake Park, Franklin",8/15/2013 6:00,0:42:44,4.15,238,10:21,7:18,153,157,638,10.3,"6,538.20",0.0976,149,New Balance,--,--,#VALUE!,#VALUE!
FALSE,4.2mi Easy Daily,Street Running,"4.27 mi - Tompkins, Rahway, Spring Lake Park, Franklin",8/13/2013 6:04,0:45:24,4.17,139,10:55,8:00,151,163,566,10.89,"6,855.40",0.0826,125,New Balance,--,--,#VALUE!,#VALUE!
TRUE,"5k Race - Asbury Park, NJ",Street Running,5k Abury Park,8/10/2013 8:37,0:31:00,3.08,41,10:00,7:36,165,180,412,10.06,"5,115.00",0.0805,133,New Balance,--,--,#VALUE!,#VALUE!
FALSE,5k Easy Daily,Street Running,5k Loop Sherman/8th/Plainfield/Tompkins,8/7/2013 6:15,0:30:55,3.1,274,10:00,6:00,160,175,417,9.97,"4,946.67",0.0843,135,New Balance,--,--,#VALUE!,#VALUE!
FALSE,5k Daily Easy,Street Running,5k Loop Sherman/8th/Plainfield/Tompkins,8/5/2013 6:16,0:30:53,3.11,114,10:00,6:30,155,167,402,9.93,"4,786.92",0.084,130,New Balance,--,--,#VALUE!,#VALUE!
FALSE,5k Easy Daily,Street Running,5k Loop Sherman/8th/Plainfield/Tompkins,8/2/2013 6:20,0:31:29,3.08,142,10:10,6:18,156,169,409,10.22,"4,911.40",0.0833,130,New Balance,--,--,#VALUE!,#VALUE!
FALSE,5k Easy Daily,Street Running,5k Loop Sherman/8th/Plainfield/Tompkins,7/31/2013 6:14,0:31:46,3.09,337,10:21,6:18,156,172,412,10.28,"4,955.60",0.0831,130,New Balance,--,--,#VALUE!,#VALUE!
FALSE,5k Easy Daily,Street Running,5k Loop Sherman/8th/Plainfield/Tompkins,7/29/2013 6:17,0:32:11,3.03,169,10:32,6:12,151,165,402,10.62,"4,859.68",0.0827,125,New Balance,--,--,#VALUE!,#VALUE!
FALSE,6m Long Run,Street Running,6.1m 8th/Kenyon/SpringLake/Clinton,7/27/2013 6:38,1:08:51,6.07,404,11:19,8:06,153,162,871,11.34,"10,534.05",0.0827,127,New Balance,--,--,#VALUE!,#VALUE!
FALSE,5k Easy Daily (partly recorded),Street Running,5k Loop Sherman/8th/Plainfield/Tompkins,7/24/2013 6:17,0:28:25,2.77,140,10:21,7:30,153,163,362,10.26,"4,347.75",0.0833,127,New Balance,--,--,#VALUE!,#VALUE!
FALSE,4.2m Long(er) run,Street Running,"4.27 mi - Tompkins, Rahway, Spring Lake Park, Franklin",7/22/2013 6:16,0:47:51,4.16,221,11:32,8:48,147,157,577,11.5,"7,033.95",0.082,121,New Balance,--,--,#VALUE!,#VALUE!
FALSE,5k Easy Daily,Street Running,5k Loop Sherman/8th/Plainfield/Tompkins,7/19/2013 6:15,0:32:17,3.04,352,10:43,7:30,158,170,424,10.62,"5,100.77",0.0831,131,New Balance,--,--,#VALUE!,#VALUE!
FALSE,5k Easy Daily,Street Running,5k Loop Sherman/8th/Plainfield/Tompkins,7/17/2013 6:15,0:30:32,3.01,167,10:10,7:36,159,170,406,10.14,"4,854.80",0.0836,133,New Balance,--,--,#VALUE!,#VALUE!
FALSE,5k Easy Daily,Street Running,5k Loop Sherman/8th/Plainfield/Tompkins,7/15/2013 6:12,0:31:26,3.01,367,10:32,7:06,150,165,391,10.44,"4,715.00",0.0829,124,New Balance,--,--,#VALUE!,#VALUE!
FALSE,5k Easy Daily,Street Running,5k Loop Sherman/8th/Plainfield/Tompkins,7/12/2013 6:13,0:32:04,3.05,273,10:32,7:36,153,169,468,10.51,"4,906.20",0.0954,146,New Balance,--,--,#VALUE!,#VALUE!
FALSE,5k Easy Daily,Street Running,5k Loop Sherman/8th/Plainfield/Tompkins,7/10/2013 6:13,0:31:28,3.01,170,10:32,7:30,161,177,498,10.45,"5,066.13",0.0983,158,New Balance,--,--,#VALUE!,#VALUE!
FALSE,5k Easy Daily,Street Running,5k Loop Sherman/8th/Plainfield/Tompkins,7/8/2013 6:09,0:32:06,2.99,322,10:43,7:30,157,168,485,10.74,"5,039.70",0.0962,151,New Balance,--,--,#VALUE!,#VALUE!
FALSE,First walk around the block!,Casual Walking,--,7/7/2013 19:48,0:14:48,0.89,0,16:40,6:48,104,111,108,16.63,"1,539.20",0.0702,73,New Balance,--,--,#VALUE!,#VALUE!
FALSE,3.1mi easy,Street Running,5k Loop Sherman/8th/Plainfield/Tompkins,7/5/2013 6:15,0:33:32,3.1,--,10:55,--,--,--,--,10.82,#VALUE!,#VALUE!,#VALUE!,New Balance,--,--,#VALUE!,#VALUE!
FALSE,3.1 mi easy,Street Running,5k Loop Sherman/8th/Plainfield/Tompkins,7/3/2013 6:15,0:31:40,3.1,--,10:10,--,--,--,--,10.22,#VALUE!,#VALUE!,#VALUE!,New Balance,--,--,#VALUE!,#VALUE!
FALSE,2.4mi easy,Street Running,2.4 Loop Sherman/Plainfield/Tompkins,7/1/2013 6:15,0:24:10,2.4,--,10:00,--,--,--,--,10.07,#VALUE!,#VALUE!,#VALUE!,New Balance,--,--,#VALUE!,#VALUE!
FALSE,2.4 mi easy,Street Running,2.4 Loop Sherman/Plainfield/Tompkins,6/28/2013 6:15,0:24:20,2.4,--,10:10,--,--,--,--,10.14,#VALUE!,#VALUE!,#VALUE!,New Balance,--,--,#VALUE!,#VALUE!
FALSE,2.4mi easy,Street Running,2.4 Loop Sherman/Plainfield/Tompkins,6/26/2013 6:15,0:24:40,2.4,--,10:21,--,--,--,--,10.28,#VALUE!,#VALUE!,#VALUE!,New Balance,--,--,#VALUE!,#VALUE!
FALSE,2.4mi easy,Street Running,2.4 Loop Sherman/Plainfield/Tompkins,6/24/2013 6:15,0:27:00,2.4,--,11:19,--,--,--,--,11.25,#VALUE!,#VALUE!,#VALUE!,New Balance,--,--,#VALUE!,#VALUE!
FALSE,2.4mi easy,Street Running,2.4 Loop Sherman/Plainfield/Tompkins,6/22/2013 20:00,0:30:00,2.4,--,12:30,--,--,--,--,12.5,#VALUE!,#VALUE!,#VALUE!,New Balance,--,--,#VALUE!,#VALUE!
TRUE,2.4mi easy,Street Running,2.4 Loop Sherman/Plainfield/Tompkins,6/20/2013 6:15,0:35:00,2.4,--,14:38,--,--,--,--,14.58,#VALUE!,#VALUE!,#VALUE!,New Balance,--,--,#VALUE!,#VALUE!
